{
  "modo": "demo",
  "config": {
    "k": 10,
    "peso_antes": 0.0,
    "peso_depois": 0.1
  },
  "antes": {
    "precision@10": 1.0,
    "ndcg@10": 0.9824946804223049,
    "num_queries": 300
  },
  "depois": {
    "precision@10": 1.0,
    "ndcg@10": 0.992354845563295,
    "num_queries": 300
  },
  "delta": {
    "precision@10": 0.0,
    "ndcg@10": 0.00986
  }
}